INSERT INTO Salaries VALUES
('Salesman', 61000),
('Cashier', 40000),
('Security Guard',51000),
('Transporter', 50000),
('Manager', 81000),
('Agent', 90000),
('Welcomer', 60000)

INSERT INTO Employees VALUES 
(101, 'Selin', 'Erden', 'Y', '1985-01-12', 'F', 'University', 'Manager', '5328763454', 'Bebek, İstanbul', 's.erden@music.org'),
(102, 'Burak', 'Kalan', 'N', '1990-03-03', 'M', 'University', 'Manager', '5413769800', 'Kadıköy, İstanbul', 'b.kalan@music.org'),
(103, 'Elif', 'Zorlu', 'N', '1989-05-05', 'F', 'University', 'Agent', '5336789823', 'Sarıyer, İstanbul', 'e.zorlu@music.org'),
(104, 'Arda', 'Yılmaz', 'Y', '1987-10-23', 'M', 'University', 'Welcomer', '5459872372', 'Sarıyer,İstanbul', 'a.yilmaz@music.org'),
(105, 'Murat', 'Güneş', 'Y', '1990-04-15', 'M', 'High School', 'Transporter', '5326924915', 'Beşiktaş, İstanbul', 'm.gunes@music.org'),
(106, 'Aslı', 'Kaya', 'N', '1989-02-19', 'F', 'University', 'Welcomer', '5552106533', 'Sarıyer, İstanbul', 'a.kaya@music.org'),
(107, 'Deniz', 'Yaman', 'N', '1985-08-21', 'F', 'High School', 'Cashier', '5056427832', 'Beşiktaş, İstanbul', 'd.yaman@music.org'),
(108, 'Feride', 'Taşkın', 'Y', '1992-02-07', 'F', 'University', 'Manager', '5548529472', 'Zeytinburnu, İstanbul', 'f.taskin@music.org'),
(109, 'Emre', 'Şen', 'Y', '1992-04-28', 'M', 'High School', 'Security Guard', '5485106823', 'Üsküdar, İstanbul', 'e.sen@music.org'),
(110, 'Faruk', 'Çevik', 'N', '1984-11-02', 'M', 'High School', 'Cashier', '5459369369', 'Beşiktaş, İstanbul', 'f.cevik@music.org'),
(111, 'Gözde', 'Yücel', 'M', '1992-06-30', 'F', 'High School', 'Transporter', '5653025698', 'Kağıthane, İstanbul', 'g.yucel@music.org'),
(112, 'Beril', 'Öztürk', 'Y', '1994-05-14', 'F', 'High School', 'Cashier', '5326105386', 'Kadıköy, İstanbul', 'b.ozturk@music.org'),
(113, 'Cem', 'Sönmez', 'Y', '1995-10-29', 'M', 'High School', 'Security Guard', '5320326359', 'Avcılar, İstanbul', 'c.sonmez@music.org'),
(114, 'Haluk', 'Akbulut', 'Y', '1991-08-12', 'M', 'University', 'Welcomer', '5339327400', 'Beykoz, İstanbul', 'h.akbulut@music.org'),
(115, 'Pelin', 'Yavuz', 'N', '1993-11-10', 'F', 'University', 'Salesman', '5473284577', 'Beşiktaş, İstanbul', 'p.yavuz@music.org'),
(116, 'Yiğit', 'Erdem', 'N', '1993-09-25', 'M', 'High School', 'Transporter', '5424586603', 'Beşiktaş, İstanbul', 'y.erdem@music.org'),
(117, 'Melisa', 'Vural', 'N', '1991-04-17', 'F', 'University', 'Manager', '5453586220', 'Fatih, İstanbul', 'm.vural@music.org'),
(118, 'Ceren', 'Eroğlu', 'Y', '1980-12-26', 'F', 'High School', 'Welcomer', '5312057343', 'Kağıthane, İstanbul', 'c.eroglu@music.org'),
(119, 'Ufuk', 'Demir', 'Y', '1983-01-01', 'M', 'High School', 'Security Guard', '5558320256', 'Beşiktaş, İstanbul', 'u.demir@music.org'),
(120, 'Zeynep', 'Sezer', 'N', '1984-05-10', 'F', 'University', 'Salesman', '5427725242', 'Sarıyer, İstanbul', 'z.sezer@music.org')

INSERT INTO Suppliers VALUES
(201, 'Dore Music', '5346284990', 'doremusic@gmail.com', 'Arnavutköy'),
(202, 'Yonka Music', '5358474165', 'yonkamusic@gmail.com', 'Zeytinburnu'),
(203, 'Last Voice', '5368474165', 'sonses@gmail.com', 'Şile'),
(204, 'Şenkop', '5389321923', 'senkop@gmail.com', 'Bayrampaşa'),
(205, 'Duygu Music', '5902325151', 'duygumuzik@gmail.com', 'Fatih'),
(206, 'Diyar Müzik Evi', '5709230230', 'diyar@gmail.com', 'Şişli'),
(207, 'Borusan Music', '5302832392', 'borusan@gmail.com', 'Ümraniye'),
(208, 'Gazi Müzik', '5302943029', 'gazi@hotmail.com', 'Tuzla'),
(209, 'Doğa Music', '5699502302', 'Doga@hotmail.com', 'Bahçelievler'),
(210, 'Platin Music', '5692325252', 'Platin.m@hotmail.com', 'Üsküdar'),
(211, 'Çınar Music', '5902382392', 'cinar@hotmail.com', 'Sancaktepe'),
(212, 'Yılmaz Saz Evi', '5692322923', 'yilmaz@hotmail.com', 'Sarıyer'),
(213, 'Toraman Music', '5802382392', 'toraman@hotmail.com', 'Başakşehir'),
(214, 'Özşahin Music', '5704954904', 'ozsahin@hotmail.com', 'Bakırköy'),
(215, 'Erenler Music', '5283020221', 'erenler@hotmail.com', 'Silivri'),
(216, 'Cihangir Music', '5346829019', 'cihangir@hotmail.com', 'Kadıköy'),
(217, 'Serhat Music', '5365892919', 'serhat@hotmail.com', 'Beşiktaş'),
(218, 'Armonia Music', '5421323232', 'aarmonia@hotmail.com', 'Pendik'),
(219, 'Merkez Music', '5462324221', 'merkez@hotmail.com', 'Beylikdüzü'),
(220, 'Zuhal Music', '5705232125', 'zuhal@gmail.com', 'Avcılar')

INSERT INTO Category VALUES
(401, 'Brass'),
(402, 'Keyboard'),
(403, 'Percussion'),
(404, 'String'),
(405, 'Woodwind')

INSERT INTO Instruments VALUES
(301, 401, 'Trumpet', 2956, 20, 9),
(302, 401, 'French Horn', 6916, 15, 6),
(303, 401, 'Trombone', 3102, 30, 4),
(304, 401, 'Tuga', 23882, 5, 2),
(305, 401, 'Flugel', 28244, 7, 1),
(306, 402, 'Organ', 2157, 16, 10),
(307, 402, 'Piano', 27242, 14, 2),
(308, 402, 'Electronic Organ', 749, 49, 15),
(309, 402, 'Harpsichord', 4225, 28, 3),
(310, 402, 'Accordion', 39535, 4, 2),
(311, 403, 'Xylophone', 233, 244, 26),
(312, 403, 'Bass Drum', 17828, 14, 1),
(313, 403, 'Timpani', 12683, 21, 2),
(314, 403, 'Chimes', 2239, 36, 0),
(315, 403, 'Maracas', 156, 349, 17),
(316, 404, 'Violin', 547, 117, 17),
(317, 404, 'Cello', 1821, 63, 4),
(318, 404, 'Viola', 3712, 28, 2),
(319, 404, 'Contrabass', 11378, 13, 9),
(320, 404, 'Harp', 4516, 25, 1),
(321, 405, 'Flute', 778, 123, 30),
(322, 405, 'Oboe', 8987, 42, 0),
(323, 405, 'Clarinet', 2770, 36, 3),
(324, 405, 'Saxophone', 5104, 28, 2),
(325, 405, 'Bassoon', 61664, 2, 3)

INSERT INTO Customer VALUES
(601, 'Fatma', 'Acar', '5036578944', 'Ataşehir', 'İstanbul', 'fatma@gmail.com'),
(602, 'Özde', 'Acarkan', '5412569871', 'Maltepe', 'İstanbul', 'ozdeacarkan@gmail.com'),
(603, 'Atahan', 'Adanır', '5342157963', 'Üsküdar', 'İstanbul', 'aadanır@gmail.com'),
(604, 'Ogün', 'Bölge', '5056774512', 'Kadıköy', 'İstanbul', 'ogunbolge@gmail.com'),
(605, 'İbrahim Hakkı', '5436987541', 'Güleç', 'Sancaktepe', 'İstanbul', 'ihakkıgulec@gmail.com'),
(606, 'Arzucan', 'Ayvacık', '5876541236', 'Sarıyer', 'İstanbul', 'ayvacik@gmail.com'),
(607, 'Bensu', 'Batur', '5321457675', 'Silivri', 'İstanbul', 'bensubatur@gmail.com'),
(608, 'Fazıl', 'Batuk', '5306987412', 'Beykoz', 'İstanbul', 'batukfazil@gmail.com'),
(609, 'Elif', 'Çağlayan', '5073214569', 'Beylikdüzü', 'İstanbul', 'elifcaglayan@gmail.com'),
(610, 'Dilhan', 'Çakanel', '5324568712', 'Zeytinburnu', 'İstanbul', 'cakaneldilhan@gmail.com'),
(611, 'Maral', 'Çakıcı', '5056987123', 'Tuzla', 'İstanbul', 'cakicimaral@hotmail.com'),
(612, 'Tubanur', 'Dereli', '5096415575', 'Şişli', 'İstanbul', 'tubanurderelihotmail.com'),
(613, 'Cem Ozan', 'Erim', '5324533732', 'Pendik', 'İstanbul', 'cemerimhotmail.com'),
(614, 'Selman', 'Erkoşan', '5412654784', 'Üsküdar', 'İstanbul', 'erkosanselmanhotmail.com'),
(615, 'Batuhan', 'Gökçek', '5306587419', 'Sarıyer', 'İstanbul', 'gokcekbatuhanhotmail.com'),
(616, 'Öymen', 'Gümüşsoy', '5059321123', 'Kadıköy', 'İstanbul', 'oymen@hotmail.com'),
(617, 'Selime', 'Hüner', '5047418526', 'Pendik', 'İstanbul', 'hunerselimehotmail.com'),
(618, 'Tevfik', 'İnal', '5445442434', 'Ümraniye', 'İstanbul', 'inaltevfik@hotmail.com'),
(619, 'Emine', 'İmre', '5356257545', 'Sancaktepe', 'İstanbul', 'emineimre@hotmail.com'),
(620, 'Ömer Faruk', '5324526282', 'Kadı', 'Fatih', 'İstanbul', 'omerfaruk@hotmail.com'),
(621, 'Seda', 'Özsoy', '5344122856', 'Sarıyer', 'İstanbul', 'sozsoy@icloud.com'),
(622, 'Kerim', 'Gölge', '5395682552', 'Beşiktaş', 'İstanbul', 'golge.kerim@gmail.com'),
(623, 'Beyza', 'Durmuş', '5343764534', 'Maltepe', 'İstanbul', 'byzdrms@hotmail.com'),
(624, 'Canan', 'Terzioğlu', '5417648920', 'Kartal', 'İstanbul', 'terziogluc@icloud.com'),
(625, 'Arif', 'Kural', '5368983265', 'Ataşehir', 'İstanbul', 'arif.kural@gmail.com'),
(626, 'Efe', 'Eren', '5396742125', 'Zeytinburnu', 'İstanbul', 'erene@gmail.com'),
(627, 'Naz', 'Seven', '5327668945', 'Kadıköy', 'İstanbul', 'nazz_seven@gmail.com'),
(628, 'İrem', 'Çelik', '5342124621', 'Maltepe', 'İstanbul', 'iirem.clk@hotmail.com'),
(629, 'Tugay', 'Çam', '5368793454', 'Ümraniye', 'İstanbul', 'tgycam@icloud.com'),
(630,  'Sevil', 'Çakır', '5546785028', 'Beşiktaş', 'İstanbul', 'cakirsevil1@gmail.com'),
(631, 'Ayşe', 'Budak', '5328437504', 'Pendik', 'İstanbul', 'ayseebudak3@hotmail.com'),
(632, 'Kadir', 'Tufan', '5387485020', 'Fatih', 'İstanbul', 'kadiiirr16@hotmail.com'),
(633, 'Suat', 'Demir', '5326764329', 'Kartal', 'İstanbul', 'demiradam@hotmail.com'),
(634, 'Ateş', 'Yılmaz', '5344790853', 'Zeytinburnu', 'İstanbul', 'atesyilmaz@gmail.com'),
(635, 'Hasan', 'Çınar', '5057524578', 'Silivri', 'İstanbul', 'cinarhasan@icloud.com'),
(636, 'Emin', 'Ocak', '5379064366', 'Fatih', 'İstanbul', 'emin.ocak@hotmail.com'),
(637, 'Kemal', 'Güven', '5425676437', 'Ataşehir', 'İstanbul', 'guven.k@gmail.com'),
(638, 'Eda', 'Bayka', '5364688764', 'Kadıköy', 'İstanbul', 'ebayka@icloud.com'),
(639, 'Berna', 'Koç', '5347823794', 'Tuzla', 'İstanbul', 'bernakoc@gmail.com'),
(640, 'Erol', 'Bulut', '5468293829', 'Maltepe', 'İstanbul', 'bulute@hotmail.com'),
(641, 'Meral', 'Yağcı', '5382038478', 'Üsküdar', 'İstanbul', 'meraly@gmail.com'),
(642, 'Erdoğan', 'Saçık', '5362383932', 'Ataşehir', 'İstanbul', 'sacikerdogan@gmail.com'),
(643, 'Sait', 'Bilen', '5347283293', 'Şişli', 'İstanbul', 'sait.bilen34@hotmail.com'),
(644, 'Huriye', 'Ay', '5462839393', 'Ümraniye', 'İstanbul', 'huriye_ay@hotmail.com'),
(645, 'Erkan', 'Kıyımcı', '5383263276', 'Ataşehir', 'İstanbul', 'kiyimcierkan@hotmail.com'),
(646, 'Zübeyde', 'Başaran', '5327832782', 'Kartal', 'İstanbul', 'zubeydeb@hotmail.com'),
(647, 'Betül', 'Katip', '5348283892', 'Kadıköy', 'İstanbul', 'betulkatip17@gmail.com'),
(648, 'Ömer', 'Demirer', '5368128991', 'Silivri', 'İstanbul', 'odemirer@gmail.com'),
(649, 'Gürcan', 'Yılmaz', '5347287393', 'Üsküdar', 'İstanbul', 'yilmazgurcan@hotmail.com'),
(650, 'Mehmet Akif', 'Akıncı', '5362838923', 'Tuzla', 'İstanbul', 'akincimehmet@gmail.com')

INSERT INTO Sales VALUES
(501, 315, 120, 601, '2022-11-23', 6),
(502, 306, 120, 602, '2022-11-23', 2),
(503, 311, 120, 603, '2022-11-23', 11),
(504, 323, 120, 604, '2022-11-23', 3),
(505, 301, 115, 605, '2022-11-24', 3),
(506, 321, 115, 606, '2022-11-24', 5),
(507, 307, 120, 607, '2022-11-25', 1),
(508, 311, 115, 608, '2022-11-25', 6),
(509, 320, 115, 609, '2022-11-25', 1),
(510, 303, 120, 610, '2022-11-25', 4),
(511, 313, 120, 611, '2022-11-25', 2),
(512, 325, 120, 612, '2022-11-25', 3),
(513, 304, 115, 613, '2022-11-25', 2),
(514, 323, 115, 614, '2022-11-26', 8),
(515, 321, 120, 615, '2022-11-26', 7),
(516, 310, 115, 616, '2022-11-26', 1),
(517, 315, 120, 617, '2022-11-27', 12),
(518, 313, 120, 618, '2022-11-27', 1),
(519, 316, 120, 619, '2022-11-27', 8),
(520, 309, 120, 620, '2022-11-27', 3),
(521, 305, 115, 621, '2022-11-27', 1),
(522, 319, 115, 622, '2022-11-27', 4),
(523, 318, 120, 623, '2022-11-28', 2),
(524, 307, 120, 624, '2022-11-28', 1),
(525, 303, 120, 625, '2022-11-28', 4),
(526, 308, 115, 626, '2022-11-28', 8),
(527, 323, 120, 627, '2022-11-29', 3),
(528, 321, 120, 628, '2022-11-29', 8),
(529, 319, 115, 629, '2022-11-30', 5),
(530, 317, 115, 630, '2022-11-30', 2),
(531, 306, 115, 631, '2022-11-30', 6),
(532, 321, 115, 632, '2022-11-30', 6),
(533, 315, 120, 633, '2022-11-30', 5),
(534, 312, 120, 634, '2022-11-30', 1),
(535, 322, 120, 635, '2022-11-30', 3),
(536, 316, 120, 636, '2022-11-30', 9),
(537, 305, 120, 637,  '2022-11-30', 1),
(538, 324, 120, 638, '2022-11-30', 2),
(539, 302, 115, 639, '2022-12-1', 2),
(540, 317, 115, 640, '2022-12-1', 2),
(541, 305, 120, 641, '2022-12-1', 1),
(542, 324, 115, 642, '2022-12-1', 2),
(543, 308, 120, 643, '2022-12-1', 7),
(544, 321, 115, 644, '2022-12-1', 5),
(545, 302, 120, 645, '2022-12-1', 6),
(546, 311, 115, 646, '2022-12-1', 9),
(547, 310, 115, 647, '2022-12-1', 1),
(548, 316, 120, 648, '2022-12-1', 8),
(549, 325, 120, 649, '2022-12-1', 3),
(550, 306, 115, 650, '2022-12-1', 2)

INSERT INTO Supplies VALUES
(301, 201, '2022-11-05'),
(302, 202, '2022-11-05'),
(303, 203, '2022-11-06'),
(304, 204, '2022-11-07'),
(305, 205, '2022-11-07'),
(306, 206, '2022-11-07'),
(307, 207, '2022-11-08'),
(308, 208, '2022-11-09'),
(309, 209, '2022-11-09'),
(310, 210, '2022-11-12'),
(311, 211, '2022-11-12'),
(312, 212, '2022-11-15'),
(313, 213, '2022-11-16'),
(314, 214, '2022-11-16'),
(315, 215, '2022-11-16'),
(316, 216, '2022-11-21'),
(317, 217, '2022-11-22'),
(318, 218, '2022-11-25'),
(319, 219, '2022-11-25'),
(320, 220, '2022-11-26'),
(321, 201, '2022-11-27'),
(322, 202, '2022-11-30'),
(323, 203, '2022-11-30'),
(324, 204, '2022-12-01'),
(325, 205, '2022-11-02')
